id,firstname,lastname,email,gender,birthdate,adressId
1,Dana,Shawley,dshawley0@nyu.edu,Male,27.08.1988,23
2,Maddie,Greed,mgreed1@hexun.com,Female,07.10.1999,14
3,Hobie,Cooper,hcooper2@networkadvertising.org,Male,05.01.1974,8
4,Dallon,Megarry,dmegarry3@exblog.jp,Male,26.04.1983,6
5,Marchelle,Robelin,mrobelin4@merriam-webster.com,Female,17.01.1998,27
6,Gregorius,Eggleton,geggleton5@opensource.org,Male,07.10.1975,11
7,El,De Hoogh,edehoogh6@eepurl.com,Male,25.01.1979,22
8,Christyna,Shelsher,cshelsher7@cam.ac.uk,Female,14.12.1986,28
9,Imojean,Bezants,ibezants8@state.gov,Female,06.04.2003,30
10,Batsheva,Brayley,bbrayley9@earthlink.net,Female,24.04.1967,1
11,Wanids,Boulger,wboulgera@sbwire.com,Female,23.10.1991,1
12,Dollie,Cogley,dcogleyb@reddit.com,Female,07.03.1991,13
13,Courtnay,Sutcliffe,csutcliffec@networksolutions.com,Male,20.03.2003,12
14,Yevette,Paulucci,ypauluccid@e-recht24.de,Agender,25.01.1978,20
15,Robinia,Shilstone,rshilstonee@businessinsider.com,Female,29.09.1979,2
16,Gerianna,Mabe,gmabef@shop-pro.jp,Female,27.11.1990,17
17,Mirabelle,Kingswold,mkingswoldg@technorati.com,Female,03.02.1971,12
18,Allistir,Clist,aclisth@umn.edu,Male,16.12.1997,9
19,Evangelina,Rabbatts,erabbattsi@cnn.com,Female,22.07.1988,4
20,Bruno,Brazier,bbrazierj@php.net,Male,24.02.1974,17
21,Veronica,Musgrove,vmusgrovek@yellowpages.com,Female,18.05.1984,5
22,Wilone,Doveston,wdovestonl@usda.gov,Female,18.07.1964,8
23,Odella,Backshill,obackshillm@lycos.com,Female,02.12.1975,1
24,Ashil,Burkman,aburkmann@edublogs.org,Female,25.05.1994,3
25,Matthus,O' Faherty,mofahertyo@e-recht24.de,Male,26.09.1980,22
26,Nickola,Hatterslay,nhatterslayp@marketwatch.com,Genderqueer,02.10.1976,17
27,Kimberli,Sexty,ksextyq@digg.com,Agender,21.01.2001,28
28,Kevan,Mulderrig,kmulderrigr@weibo.com,Male,24.12.1961,12
29,Jennine,Gogan,jgogans@tumblr.com,Female,27.10.1996,3
30,Jeremy,Merriott,jmerriottt@un.org,Male,19.08.1965,15
31,Elayne,Ainsley,eainsleyu@umn.edu,Female,08.03.1987,13
32,Ernestus,Beggin,ebegginv@reference.com,Male,03.07.1987,1
33,Trumann,Gumery,tgumeryw@bravesites.com,Genderfluid,14.01.1981,2
34,Emmalee,Stratten,estrattenx@oracle.com,Female,12.03.1985,18
35,Patsy,Bridge,pbridgey@wikispaces.com,Female,19.10.2001,7
36,Jeannette,Vonderdell,jvonderdellz@earthlink.net,Female,16.08.1997,6
37,Selby,Ourry,sourry10@epa.gov,Male,04.03.1998,21
38,Reggie,Firpo,rfirpo11@samsung.com,Male,29.06.1993,2
39,Gratia,Loosley,gloosley12@businesswire.com,Female,25.03.1979,24
40,Clayborne,Sharman,csharman13@sitemeter.com,Agender,01.04.2001,28
41,Ludwig,Habbijam,lhabbijam14@livejournal.com,Male,14.03.1975,2
42,Athena,Brydon,abrydon15@admin.ch,Female,16.08.1996,18
43,Arlinda,Churm,achurm16@miibeian.gov.cn,Agender,09.01.1988,11
44,Wake,Behrend,wbehrend17@phoca.cz,Male,13.12.1969,7
45,Ranique,Losano,rlosano18@live.com,Female,07.03.1994,25
46,Shaun,Tillot,stillot19@sciencedaily.com,Male,05.08.1979,17
47,Lib,Boanas,lboanas1a@yandex.ru,Female,18.04.1978,19
48,Kim,Channer,kchanner1b@homestead.com,Male,10.12.1983,8
49,Melicent,Patullo,mpatullo1c@cornell.edu,Bigender,28.12.1980,26
50,Caril,Broderick,cbroderick1d@ed.gov,Female,28.06.1974,3
51,Konrad,Alen,kalen1e@bloglines.com,Male,12.07.1968,23
52,Gwenore,Odgaard,godgaard1f@twitter.com,Agender,06.09.1974,11
53,Pennie,Gissop,pgissop1g@smugmug.com,Male,07.09.2004,1
54,Chandal,Ilyushkin,cilyushkin1h@theguardian.com,Agender,20.07.2000,12
55,Iris,Cammell,icammell1i@gov.uk,Female,16.06.1974,17
56,Finley,Monnery,fmonnery1j@technorati.com,Male,23.03.1995,15
57,Vevay,Davies,vdavies1k@over-blog.com,Female,11.10.2004,14
58,Bertram,Norsworthy,bnorsworthy1l@utexas.edu,Genderqueer,31.05.2003,20
59,Jessica,Shellibeer,jshellibeer1m@merriam-webster.com,Genderfluid,11.05.1975,28
60,Bevon,Lampke,blampke1n@plala.or.jp,Male,08.04.2000,12
61,Berny,Ledbetter,bledbetter1o@spotify.com,Male,26.03.1989,10
62,Fania,Menault,fmenault1p@sciencedirect.com,Female,10.01.1977,23
63,Sashenka,Kither,skither1q@mashable.com,Female,10.12.2001,21
64,Brenden,Bisseker,bbisseker1r@psu.edu,Male,26.01.1961,29
65,Nappie,Heard,nheard1s@nationalgeographic.com,Male,22.04.2004,27
66,Batsheva,Strathman,bstrathman1t@whitehouse.gov,Female,23.07.2005,13
67,Winni,Cowope,wcowope1u@dedecms.com,Female,02.09.1963,13
68,Chas,Flaonier,cflaonier1v@wp.com,Male,28.05.2004,3
69,Keene,Eddisford,keddisford1w@upenn.edu,Male,09.03.1994,5
70,Sloan,Nell,snell1x@artisteer.com,Male,26.12.2001,14
71,Josias,Jewess,jjewess1y@bloglovin.com,Male,24.06.1963,28
72,Bentlee,Milazzo,bmilazzo1z@chicagotribune.com,Polygender,23.02.1981,15
73,Bentley,Ranahan,branahan20@google.fr,Male,29.10.1976,7
74,Waite,Scamal,wscamal21@trellian.com,Bigender,03.05.2005,21
75,Roana,Yosifov,ryosifov22@unesco.org,Female,02.06.1985,27
76,Dilan,Nibloe,dnibloe23@jalbum.net,Male,19.02.1995,1
77,Lydon,Kirrens,lkirrens24@forbes.com,Male,06.01.1973,20
78,Bradford,Jedras,bjedras25@va.gov,Male,02.05.1977,3
79,Bonita,Ayres,bayres26@ycombinator.com,Female,03.05.2001,22
80,Granny,Field,gfield27@cbsnews.com,Male,03.12.1979,26
81,Astrid,Entwhistle,aentwhistle28@artisteer.com,Female,17.03.1968,26
82,Muire,Rowley,mrowley29@who.int,Female,23.04.1986,19
83,Lynette,Petyt,lpetyt2a@patch.com,Female,24.08.1964,10
84,Kenyon,Treen,ktreen2b@xrea.com,Male,27.11.2001,8
85,Heidi,McFall,hmcfall2c@theglobeandmail.com,Female,09.01.1991,1
86,Noby,Chessman,nchessman2d@businessweek.com,Male,16.01.1995,6
87,Kristi,Rubinivitz,krubinivitz2e@redcross.org,Genderqueer,09.12.1982,26
88,Alane,Toghill,atoghill2f@buzzfeed.com,Female,17.04.2004,11
89,Sandra,Hatherleigh,shatherleigh2g@technorati.com,Female,01.08.1980,13
90,Philippa,Tidman,ptidman2h@netscape.com,Female,23.06.1977,4
91,Nelli,Govini,ngovini2i@buzzfeed.com,Female,19.04.1979,13
92,Jonathon,Dumingo,jdumingo2j@reddit.com,Male,07.06.2004,25
93,Nissie,Dummett,ndummett2k@vistaprint.com,Female,08.03.1990,16
94,Shawnee,Jurn,sjurn2l@unc.edu,Genderqueer,23.10.2000,25
95,Stefano,MacGuffie,smacguffie2m@ca.gov,Male,06.05.1981,7
96,Margette,Ianne,mianne2n@sbwire.com,Female,21.03.1983,5
97,Bordy,McMorland,bmcmorland2o@springer.com,Male,22.10.1986,2
98,Guinna,Byrkmyr,gbyrkmyr2p@newsvine.com,Genderqueer,05.01.1967,2
99,Dun,Antonovic,dantonovic2q@japanpost.jp,Male,20.04.1993,10
100,Marshal,Alecock,malecock2r@feedburner.com,Male,14.02.2002,9
